Hash,File,Operator,Start,End,StartLine,EndLine,Original,Replacement,Status,Time(ms)
m86214c89,/Users/sdicola/WebstormProjects/metana/metana-bootcamp/contracts/module-3/deliverables/packages/hardhat/contracts/AlchemyTokens.sol,AOR,2189,2193,71,71," += "," -= ",killed,3989
m7f3b388a,/Users/sdicola/WebstormProjects/metana/metana-bootcamp/contracts/module-3/deliverables/packages/hardhat/contracts/AlchemyTokens.sol,AOR,2189,2193,71,71," += ","  = ",live,4172
md20ec59f,/Users/sdicola/WebstormProjects/metana/metana-bootcamp/contracts/module-3/deliverables/packages/hardhat/contracts/AlchemyTokens.sol,AOR,2189,2193,71,71," += "," /= ",killed,4116
m99aeb3f1,/Users/sdicola/WebstormProjects/metana/metana-bootcamp/contracts/module-3/deliverables/packages/hardhat/contracts/AlchemyTokens.sol,AOR,2189,2193,71,71," += "," *= ",killed,4029
m4f76d139,/Users/sdicola/WebstormProjects/metana/metana-bootcamp/contracts/module-3/deliverables/packages/hardhat/contracts/AlchemyTokens.sol,AOR,2189,2193,71,71," += "," %= ",killed,4024
mfd0095fd,/Users/sdicola/WebstormProjects/metana/metana-bootcamp/contracts/module-3/deliverables/packages/hardhat/contracts/AlchemyTokens.sol,BOR,1449,1452,43,43," < "," <= ",killed,4076
m60867c9a,/Users/sdicola/WebstormProjects/metana/metana-bootcamp/contracts/module-3/deliverables/packages/hardhat/contracts/AlchemyTokens.sol,BOR,1449,1452,43,43," < "," >=  ",killed,4211
m2f7e49e7,/Users/sdicola/WebstormProjects/metana/metana-bootcamp/contracts/module-3/deliverables/packages/hardhat/contracts/AlchemyTokens.sol,BOR,1449,1452,43,43," < "," > ",killed,4247
m857dd576,/Users/sdicola/WebstormProjects/metana/metana-bootcamp/contracts/module-3/deliverables/packages/hardhat/contracts/AlchemyTokens.sol,BOR,1449,1452,43,43," < "," != ",killed,3604
mb87acf9d,/Users/sdicola/WebstormProjects/metana/metana-bootcamp/contracts/module-3/deliverables/packages/hardhat/contracts/AlchemyTokens.sol,BOR,1449,1452,43,43," < "," == ",killed,4125
m6c640986,/Users/sdicola/WebstormProjects/metana/metana-bootcamp/contracts/module-3/deliverables/packages/hardhat/contracts/AlchemyTokens.sol,BOR,1437,1440,43,43," + "," - ",killed,3892
m25a79279,/Users/sdicola/WebstormProjects/metana/metana-bootcamp/contracts/module-3/deliverables/packages/hardhat/contracts/AlchemyTokens.sol,BOR,1437,1440,43,43," + "," * ",killed,3774
md9d6a88c,/Users/sdicola/WebstormProjects/metana/metana-bootcamp/contracts/module-3/deliverables/packages/hardhat/contracts/AlchemyTokens.sol,BOR,1437,1440,43,43," + "," / ",killed,4213
mc44bb586,/Users/sdicola/WebstormProjects/metana/metana-bootcamp/contracts/module-3/deliverables/packages/hardhat/contracts/AlchemyTokens.sol,BOR,1437,1440,43,43," + "," ** ",killed,4132
m47e1b97d,/Users/sdicola/WebstormProjects/metana/metana-bootcamp/contracts/module-3/deliverables/packages/hardhat/contracts/AlchemyTokens.sol,BOR,1437,1440,43,43," + "," % ",killed,4147
m95f1a761,/Users/sdicola/WebstormProjects/metana/metana-bootcamp/contracts/module-3/deliverables/packages/hardhat/contracts/AlchemyTokens.sol,BOR,1684,1687,53,53," < "," <= ",stillborn,1354
m56d72a12,/Users/sdicola/WebstormProjects/metana/metana-bootcamp/contracts/module-3/deliverables/packages/hardhat/contracts/AlchemyTokens.sol,BOR,1684,1687,53,53," < "," >=  ",stillborn,1490
m43f75a71,/Users/sdicola/WebstormProjects/metana/metana-bootcamp/contracts/module-3/deliverables/packages/hardhat/contracts/AlchemyTokens.sol,BOR,1684,1687,53,53," < "," > ",stillborn,1578
m94845ebc,/Users/sdicola/WebstormProjects/metana/metana-bootcamp/contracts/module-3/deliverables/packages/hardhat/contracts/AlchemyTokens.sol,BOR,1684,1687,53,53," < "," != ",stillborn,1531
mf976c1bc,/Users/sdicola/WebstormProjects/metana/metana-bootcamp/contracts/module-3/deliverables/packages/hardhat/contracts/AlchemyTokens.sol,BOR,1684,1687,53,53," < "," == ",stillborn,1450
md342121a,/Users/sdicola/WebstormProjects/metana/metana-bootcamp/contracts/module-3/deliverables/packages/hardhat/contracts/AlchemyTokens.sol,BOR,1769,1772,54,54," % "," + ",stillborn,1570
m674ac681,/Users/sdicola/WebstormProjects/metana/metana-bootcamp/contracts/module-3/deliverables/packages/hardhat/contracts/AlchemyTokens.sol,BOR,1769,1772,54,54," % "," - ",stillborn,1409
me3272af8,/Users/sdicola/WebstormProjects/metana/metana-bootcamp/contracts/module-3/deliverables/packages/hardhat/contracts/AlchemyTokens.sol,BOR,1769,1772,54,54," % "," * ",stillborn,1469
md8b8a477,/Users/sdicola/WebstormProjects/metana/metana-bootcamp/contracts/module-3/deliverables/packages/hardhat/contracts/AlchemyTokens.sol,BOR,1769,1772,54,54," % "," / ",stillborn,1458
mb8880913,/Users/sdicola/WebstormProjects/metana/metana-bootcamp/contracts/module-3/deliverables/packages/hardhat/contracts/AlchemyTokens.sol,BOR,1769,1772,54,54," % "," ** ",stillborn,1531
m510fb73d,/Users/sdicola/WebstormProjects/metana/metana-bootcamp/contracts/module-3/deliverables/packages/hardhat/contracts/AlchemyTokens.sol,BOR,2646,2650,91,91," == "," <= ",stillborn,1536
mc3d5e25e,/Users/sdicola/WebstormProjects/metana/metana-bootcamp/contracts/module-3/deliverables/packages/hardhat/contracts/AlchemyTokens.sol,BOR,2646,2650,91,91," == "," >= ",stillborn,1471
mf0811a4a,/Users/sdicola/WebstormProjects/metana/metana-bootcamp/contracts/module-3/deliverables/packages/hardhat/contracts/AlchemyTokens.sol,BOR,2646,2650,91,91," == ","  < ",stillborn,1489
m175f16fa,/Users/sdicola/WebstormProjects/metana/metana-bootcamp/contracts/module-3/deliverables/packages/hardhat/contracts/AlchemyTokens.sol,BOR,2646,2650,91,91," == ","  > ",stillborn,1510
m1a4af61c,/Users/sdicola/WebstormProjects/metana/metana-bootcamp/contracts/module-3/deliverables/packages/hardhat/contracts/AlchemyTokens.sol,BOR,2646,2650,91,91," == "," != ",stillborn,1447
m93726011,/Users/sdicola/WebstormProjects/metana/metana-bootcamp/contracts/module-3/deliverables/packages/hardhat/contracts/AlchemyTokens.sol,BOR,2793,2797,94,94," == "," <= ",stillborn,1480
m3eb3f385,/Users/sdicola/WebstormProjects/metana/metana-bootcamp/contracts/module-3/deliverables/packages/hardhat/contracts/AlchemyTokens.sol,BOR,2793,2797,94,94," == "," >= ",stillborn,1468
mf94ba66a,/Users/sdicola/WebstormProjects/metana/metana-bootcamp/contracts/module-3/deliverables/packages/hardhat/contracts/AlchemyTokens.sol,BOR,2793,2797,94,94," == ","  < ",stillborn,1446
m170442df,/Users/sdicola/WebstormProjects/metana/metana-bootcamp/contracts/module-3/deliverables/packages/hardhat/contracts/AlchemyTokens.sol,BOR,2793,2797,94,94," == ","  > ",stillborn,1505
m23eff8f5,/Users/sdicola/WebstormProjects/metana/metana-bootcamp/contracts/module-3/deliverables/packages/hardhat/contracts/AlchemyTokens.sol,BOR,2793,2797,94,94," == "," != ",stillborn,1433
m7ed8fb4a,/Users/sdicola/WebstormProjects/metana/metana-bootcamp/contracts/module-3/deliverables/packages/hardhat/contracts/AlchemyTokens.sol,BOR,2948,2952,97,97," == "," <= ",stillborn,1513
m98688f70,/Users/sdicola/WebstormProjects/metana/metana-bootcamp/contracts/module-3/deliverables/packages/hardhat/contracts/AlchemyTokens.sol,BOR,2948,2952,97,97," == "," >= ",stillborn,1502
mae985f53,/Users/sdicola/WebstormProjects/metana/metana-bootcamp/contracts/module-3/deliverables/packages/hardhat/contracts/AlchemyTokens.sol,BOR,2948,2952,97,97," == ","  < ",stillborn,1638
me310372a,/Users/sdicola/WebstormProjects/metana/metana-bootcamp/contracts/module-3/deliverables/packages/hardhat/contracts/AlchemyTokens.sol,BOR,2948,2952,97,97," == ","  > ",stillborn,1511
m887d89b9,/Users/sdicola/WebstormProjects/metana/metana-bootcamp/contracts/module-3/deliverables/packages/hardhat/contracts/AlchemyTokens.sol,BOR,2948,2952,97,97," == "," != ",stillborn,1482
m3702f8d3,/Users/sdicola/WebstormProjects/metana/metana-bootcamp/contracts/module-3/deliverables/packages/hardhat/contracts/AlchemyTokens.sol,BOR,3100,3104,100,100," == "," <= ",stillborn,1446
m6d6d2de2,/Users/sdicola/WebstormProjects/metana/metana-bootcamp/contracts/module-3/deliverables/packages/hardhat/contracts/AlchemyTokens.sol,BOR,3100,3104,100,100," == "," >= ",stillborn,1569
m4d003ea4,/Users/sdicola/WebstormProjects/metana/metana-bootcamp/contracts/module-3/deliverables/packages/hardhat/contracts/AlchemyTokens.sol,BOR,3100,3104,100,100," == ","  < ",stillborn,1423
m361906c6,/Users/sdicola/WebstormProjects/metana/metana-bootcamp/contracts/module-3/deliverables/packages/hardhat/contracts/AlchemyTokens.sol,BOR,3100,3104,100,100," == ","  > ",stillborn,1466
m6243633e,/Users/sdicola/WebstormProjects/metana/metana-bootcamp/contracts/module-3/deliverables/packages/hardhat/contracts/AlchemyTokens.sol,BOR,3100,3104,100,100," == "," != ",stillborn,1383
m62246f60,/Users/sdicola/WebstormProjects/metana/metana-bootcamp/contracts/module-3/deliverables/packages/hardhat/contracts/AlchemyTokens.sol,BOR,3267,3270,106,106," < "," <= ",stillborn,1308
m2a4a44ea,/Users/sdicola/WebstormProjects/metana/metana-bootcamp/contracts/module-3/deliverables/packages/hardhat/contracts/AlchemyTokens.sol,BOR,3267,3270,106,106," < "," >=  ",stillborn,1537
m05b5310d,/Users/sdicola/WebstormProjects/metana/metana-bootcamp/contracts/module-3/deliverables/packages/hardhat/contracts/AlchemyTokens.sol,BOR,3267,3270,106,106," < "," > ",stillborn,1484
m1cb38201,/Users/sdicola/WebstormProjects/metana/metana-bootcamp/contracts/module-3/deliverables/packages/hardhat/contracts/AlchemyTokens.sol,BOR,3267,3270,106,106," < "," != ",stillborn,1495
m185d419a,/Users/sdicola/WebstormProjects/metana/metana-bootcamp/contracts/module-3/deliverables/packages/hardhat/contracts/AlchemyTokens.sol,BOR,3267,3270,106,106," < "," == ",stillborn,1561
mc360e041,/Users/sdicola/WebstormProjects/metana/metana-bootcamp/contracts/module-3/deliverables/packages/hardhat/contracts/AlchemyTokens.sol,BOR,3380,3384,108,108," >= ","  > ",stillborn,1429
mce386e8c,/Users/sdicola/WebstormProjects/metana/metana-bootcamp/contracts/module-3/deliverables/packages/hardhat/contracts/AlchemyTokens.sol,BOR,3380,3384,108,108," >= ","  < ",stillborn,1492
ma14edfcd,/Users/sdicola/WebstormProjects/metana/metana-bootcamp/contracts/module-3/deliverables/packages/hardhat/contracts/AlchemyTokens.sol,BOR,3380,3384,108,108," >= "," <= ",stillborn,1562
m70c65497,/Users/sdicola/WebstormProjects/metana/metana-bootcamp/contracts/module-3/deliverables/packages/hardhat/contracts/AlchemyTokens.sol,BOR,3380,3384,108,108," >= "," != ",stillborn,1422
m69670369,/Users/sdicola/WebstormProjects/metana/metana-bootcamp/contracts/module-3/deliverables/packages/hardhat/contracts/AlchemyTokens.sol,BOR,3380,3384,108,108," >= "," == ",stillborn,1409
m2d2f478f,/Users/sdicola/WebstormProjects/metana/metana-bootcamp/contracts/module-3/deliverables/packages/hardhat/contracts/AlchemyTokens.sol,BOR,3709,3713,118,118," >= ","  > ",stillborn,1470
mfb3dee19,/Users/sdicola/WebstormProjects/metana/metana-bootcamp/contracts/module-3/deliverables/packages/hardhat/contracts/AlchemyTokens.sol,BOR,3709,3713,118,118," >= ","  < ",stillborn,1561
mc9e37f42,/Users/sdicola/WebstormProjects/metana/metana-bootcamp/contracts/module-3/deliverables/packages/hardhat/contracts/AlchemyTokens.sol,BOR,3709,3713,118,118," >= "," <= ",stillborn,1503
mef75c9d0,/Users/sdicola/WebstormProjects/metana/metana-bootcamp/contracts/module-3/deliverables/packages/hardhat/contracts/AlchemyTokens.sol,BOR,3709,3713,118,118," >= "," != ",stillborn,1541
mc23a43cd,/Users/sdicola/WebstormProjects/metana/metana-bootcamp/contracts/module-3/deliverables/packages/hardhat/contracts/AlchemyTokens.sol,BOR,3709,3713,118,118," >= "," == ",stillborn,1473
m48ca7245,/Users/sdicola/WebstormProjects/metana/metana-bootcamp/contracts/module-3/deliverables/packages/hardhat/contracts/AlchemyTokens.sol,CCD,541,1366,17,39,"constructor() ERC1155("""") Ownable(msg.sender) {        _baseUris[        Token.IRON        ] = ""ipfs://QmZ3ae8RvL91RiVxy6MHC7Zw33cNMUZh9jgHanRppN17ci/"";        _baseUris[        Token.COPPER        ] = ""ipfs://QmdKf3UN7jXusfEMooAtpCSkc6zCMWoiWP4VAPCLiSs2xi/"";        _baseUris[        Token.SILVER        ] = ""ipfs://QmeV6oHETPxNeKqE72FzyH6kXE5CJeBZ42DcJD41ZPqGBG/"";        _baseUris[        Token.GOLD        ] = ""ipfs://Qmexv2iLWKCQyojxc3Skgtnd5APVXGcxPjFwUw7nvJqFv3/"";        _baseUris[        Token.PLATINUM        ] = ""ipfs://QmXSiofayCY1PT78hMxbAXYfYAUR5jvZNBQ6SM3f8CKgyB/"";        _baseUris[        Token.PALLADIUM        ] = ""ipfs://QmWwM69EMLqe9hHCUcSiJEJxeLYD7F7vDPd6cnh83Cs2Km/"";        _baseUris[        Token.RHODIUM        ] = ""ipfs://QmbAjYaQGcSbi6682PDchj5cyiGWzXHkihJPKawpyu17Uv/"";    }",,stillborn,1542
m742570dd,/Users/sdicola/WebstormProjects/metana/metana-bootcamp/contracts/module-3/deliverables/packages/hardhat/contracts/AlchemyTokens.sol,CSC,2641,2660,91,91,token == Token.GOLD,true,stillborn,1554
m8258e4a7,/Users/sdicola/WebstormProjects/metana/metana-bootcamp/contracts/module-3/deliverables/packages/hardhat/contracts/AlchemyTokens.sol,CSC,2641,2660,91,91,token == Token.GOLD,false,stillborn,1451
ma5d55ec1,/Users/sdicola/WebstormProjects/metana/metana-bootcamp/contracts/module-3/deliverables/packages/hardhat/contracts/AlchemyTokens.sol,CSC,2788,2811,94,94,token == Token.PLATINUM,true,stillborn,1437
m635389ab,/Users/sdicola/WebstormProjects/metana/metana-bootcamp/contracts/module-3/deliverables/packages/hardhat/contracts/AlchemyTokens.sol,CSC,2788,2811,94,94,token == Token.PLATINUM,false,stillborn,1525
mfb1a2d0f,/Users/sdicola/WebstormProjects/metana/metana-bootcamp/contracts/module-3/deliverables/packages/hardhat/contracts/AlchemyTokens.sol,CSC,2943,2967,97,97,token == Token.PALLADIUM,true,stillborn,1481
mf6bad846,/Users/sdicola/WebstormProjects/metana/metana-bootcamp/contracts/module-3/deliverables/packages/hardhat/contracts/AlchemyTokens.sol,CSC,2943,2967,97,97,token == Token.PALLADIUM,false,stillborn,1479
m36038a9e,/Users/sdicola/WebstormProjects/metana/metana-bootcamp/contracts/module-3/deliverables/packages/hardhat/contracts/AlchemyTokens.sol,CSC,3095,3117,100,100,token == Token.RHODIUM,true,stillborn,1547
md333b207,/Users/sdicola/WebstormProjects/metana/metana-bootcamp/contracts/module-3/deliverables/packages/hardhat/contracts/AlchemyTokens.sol,CSC,3095,3117,100,100,token == Token.RHODIUM,false,stillborn,1457
m6e6f7ff0,/Users/sdicola/WebstormProjects/metana/metana-bootcamp/contracts/module-3/deliverables/packages/hardhat/contracts/AlchemyTokens.sol,DLR,1644,1657,52,52,string memory,string storage,stillborn,1569
mb737ede4,/Users/sdicola/WebstormProjects/metana/metana-bootcamp/contracts/module-3/deliverables/packages/hardhat/contracts/AlchemyTokens.sol,DLR,2558,2588,88,88,Token[3] memory requiredTokens,Token[3] storage requiredTokens,stillborn,1557
m0393bacc,/Users/sdicola/WebstormProjects/metana/metana-bootcamp/contracts/module-3/deliverables/packages/hardhat/contracts/AlchemyTokens.sol,ECS,2132,2146,70,70,uint256(token),uint8(token),stillborn,1532
m77996936,/Users/sdicola/WebstormProjects/metana/metana-bootcamp/contracts/module-3/deliverables/packages/hardhat/contracts/AlchemyTokens.sol,ECS,3353,3379,108,108,uint256(requiredTokens[i]),uint8(requiredTokens[i]),stillborn,1452
m49f1c8f1,/Users/sdicola/WebstormProjects/metana/metana-bootcamp/contracts/module-3/deliverables/packages/hardhat/contracts/AlchemyTokens.sol,ECS,3473,3499,111,111,uint256(requiredTokens[i]),uint8(requiredTokens[i]),stillborn,1647
ma07d2229,/Users/sdicola/WebstormProjects/metana/metana-bootcamp/contracts/module-3/deliverables/packages/hardhat/contracts/AlchemyTokens.sol,ECS,3694,3708,118,118,uint256(token),uint8(token),stillborn,1519
m5d3f3922,/Users/sdicola/WebstormProjects/metana/metana-bootcamp/contracts/module-3/deliverables/packages/hardhat/contracts/AlchemyTokens.sol,ECS,3790,3804,121,121,uint256(token),uint8(token),stillborn,1571
m01184707,/Users/sdicola/WebstormProjects/metana/metana-bootcamp/contracts/module-3/deliverables/packages/hardhat/contracts/AlchemyTokens.sol,EHC,1406,1523,42,45,"require(            lastMinted + 1 minutes < block.timestamp,            ""Can mint only once per minute""        );","/* require(            lastMinted + 1 minutes < block.timestamp,            ""Can mint only once per minute""        ); */",stillborn,1481
m9de77c06,/Users/sdicola/WebstormProjects/metana/metana-bootcamp/contracts/module-3/deliverables/packages/hardhat/contracts/AlchemyTokens.sol,EHC,1669,1737,53,53,"require(tokenId < _tokensMinted[tokenType], ""Token does not exist"");","/* require(tokenId < _tokensMinted[tokenType], ""Token does not exist""); */",stillborn,1594
mb3738950,/Users/sdicola/WebstormProjects/metana/metana-bootcamp/contracts/module-3/deliverables/packages/hardhat/contracts/AlchemyTokens.sol,EHC,3309,3445,107,110,"require(                balanceOf(account, uint256(requiredTokens[i])) >= amount,                ""Insufficient balance""            );","/* require(                balanceOf(account, uint256(requiredTokens[i])) >= amount,                ""Insufficient balance""            ); */",stillborn,1502
m71cdadd0,/Users/sdicola/WebstormProjects/metana/metana-bootcamp/contracts/module-3/deliverables/packages/hardhat/contracts/AlchemyTokens.sol,EHC,3654,3766,117,120,"require(            balanceOf(account, uint256(token)) >= amount,            ""Insufficient balance""        );","/* require(            balanceOf(account, uint256(token)) >= amount,            ""Insufficient balance""        ); */",stillborn,1524
mfb0bf1a7,/Users/sdicola/WebstormProjects/metana/metana-bootcamp/contracts/module-3/deliverables/packages/hardhat/contracts/AlchemyTokens.sol,FVR,1546,1659,49,52,"function getTokenURI(        Token tokenType,        uint256 tokenId    ) public view returns (string memory) ","function getTokenURI(        Token tokenType,        uint256 tokenId    ) external view returns (string memory) ",stillborn,1474
m5efaa691,/Users/sdicola/WebstormProjects/metana/metana-bootcamp/contracts/module-3/deliverables/packages/hardhat/contracts/AlchemyTokens.sol,FVR,1546,1659,49,52,"function getTokenURI(        Token tokenType,        uint256 tokenId    ) public view returns (string memory) ","function getTokenURI(        Token tokenType,        uint256 tokenId    ) internal view returns (string memory) ",stillborn,1360
me9362a7c,/Users/sdicola/WebstormProjects/metana/metana-bootcamp/contracts/module-3/deliverables/packages/hardhat/contracts/AlchemyTokens.sol,FVR,1546,1659,49,52,"function getTokenURI(        Token tokenType,        uint256 tokenId    ) public view returns (string memory) ","function getTokenURI(        Token tokenType,        uint256 tokenId    ) private view returns (string memory) ",stillborn,1487
m6e91938e,/Users/sdicola/WebstormProjects/metana/metana-bootcamp/contracts/module-3/deliverables/packages/hardhat/contracts/AlchemyTokens.sol,FVR,1990,2107,65,69,"function _mintToken(        address account,        Token token,        uint256 amount    ) private withCoolDown ","function _mintToken(        address account,        Token token,        uint256 amount    ) public withCoolDown ",stillborn,1329
m7032c5ef,/Users/sdicola/WebstormProjects/metana/metana-bootcamp/contracts/module-3/deliverables/packages/hardhat/contracts/AlchemyTokens.sol,FVR,1990,2107,65,69,"function _mintToken(        address account,        Token token,        uint256 amount    ) private withCoolDown ","function _mintToken(        address account,        Token token,        uint256 amount    ) external withCoolDown ",stillborn,1440
m4fba11cb,/Users/sdicola/WebstormProjects/metana/metana-bootcamp/contracts/module-3/deliverables/packages/hardhat/contracts/AlchemyTokens.sol,FVR,1990,2107,65,69,"function _mintToken(        address account,        Token token,        uint256 amount    ) private withCoolDown ","function _mintToken(        address account,        Token token,        uint256 amount    ) internal withCoolDown ",stillborn,1430
m21561c9e,/Users/sdicola/WebstormProjects/metana/metana-bootcamp/contracts/module-3/deliverables/packages/hardhat/contracts/AlchemyTokens.sol,FVR,2250,2369,75,79,"function mintBasicToken(        address account,        Token token,        uint256 amount    ) external onlyOwner ","function mintBasicToken(        address account,        Token token,        uint256 amount    ) public onlyOwner ",stillborn,1572
m54b19329,/Users/sdicola/WebstormProjects/metana/metana-bootcamp/contracts/module-3/deliverables/packages/hardhat/contracts/AlchemyTokens.sol,FVR,2250,2369,75,79,"function mintBasicToken(        address account,        Token token,        uint256 amount    ) external onlyOwner ","function mintBasicToken(        address account,        Token token,        uint256 amount    ) internal onlyOwner ",stillborn,1508
m088995bc,/Users/sdicola/WebstormProjects/metana/metana-bootcamp/contracts/module-3/deliverables/packages/hardhat/contracts/AlchemyTokens.sol,FVR,2250,2369,75,79,"function mintBasicToken(        address account,        Token token,        uint256 amount    ) external onlyOwner ","function mintBasicToken(        address account,        Token token,        uint256 amount    ) private onlyOwner ",stillborn,1487
mfb062366,/Users/sdicola/WebstormProjects/metana/metana-bootcamp/contracts/module-3/deliverables/packages/hardhat/contracts/AlchemyTokens.sol,FVR,2426,2548,83,87,"function mintCompoundToken(        address account,        Token token,        uint256 amount    ) external onlyOwner ","function mintCompoundToken(        address account,        Token token,        uint256 amount    ) public onlyOwner ",stillborn,1459
m5017ad35,/Users/sdicola/WebstormProjects/metana/metana-bootcamp/contracts/module-3/deliverables/packages/hardhat/contracts/AlchemyTokens.sol,FVR,2426,2548,83,87,"function mintCompoundToken(        address account,        Token token,        uint256 amount    ) external onlyOwner ","function mintCompoundToken(        address account,        Token token,        uint256 amount    ) internal onlyOwner ",stillborn,1439
mbb1642f7,/Users/sdicola/WebstormProjects/metana/metana-bootcamp/contracts/module-3/deliverables/packages/hardhat/contracts/AlchemyTokens.sol,FVR,2426,2548,83,87,"function mintCompoundToken(        address account,        Token token,        uint256 amount    ) external onlyOwner ","function mintCompoundToken(        address account,        Token token,        uint256 amount    ) private onlyOwner ",stillborn,1447
mcddc3804,/Users/sdicola/WebstormProjects/metana/metana-bootcamp/contracts/module-3/deliverables/packages/hardhat/contracts/AlchemyTokens.sol,FVR,3575,3644,116,116,"function burn(address account, Token token, uint256 amount) external ","function burn(address account, Token token, uint256 amount) public ",stillborn,1503
m3c4c8aa4,/Users/sdicola/WebstormProjects/metana/metana-bootcamp/contracts/module-3/deliverables/packages/hardhat/contracts/AlchemyTokens.sol,FVR,3575,3644,116,116,"function burn(address account, Token token, uint256 amount) external ","function burn(address account, Token token, uint256 amount) internal ",stillborn,1491
mbc906c92,/Users/sdicola/WebstormProjects/metana/metana-bootcamp/contracts/module-3/deliverables/packages/hardhat/contracts/AlchemyTokens.sol,FVR,3575,3644,116,116,"function burn(address account, Token token, uint256 amount) external ","function burn(address account, Token token, uint256 amount) private ",stillborn,1511
mb9089766,/Users/sdicola/WebstormProjects/metana/metana-bootcamp/contracts/module-3/deliverables/packages/hardhat/contracts/AlchemyTokens.sol,FVR,3826,3896,124,124,"function getTokensMinted(Token token) external view returns (uint256) ","function getTokensMinted(Token token) public view returns (uint256) ",stillborn,1486
m820e87de,/Users/sdicola/WebstormProjects/metana/metana-bootcamp/contracts/module-3/deliverables/packages/hardhat/contracts/AlchemyTokens.sol,FVR,3826,3896,124,124,"function getTokensMinted(Token token) external view returns (uint256) ","function getTokensMinted(Token token) internal view returns (uint256) ",stillborn,1510
m331215eb,/Users/sdicola/WebstormProjects/metana/metana-bootcamp/contracts/module-3/deliverables/packages/hardhat/contracts/AlchemyTokens.sol,FVR,3826,3896,124,124,"function getTokensMinted(Token token) external view returns (uint256) ","function getTokensMinted(Token token) private view returns (uint256) ",stillborn,1508
mcce694b6,/Users/sdicola/WebstormProjects/metana/metana-bootcamp/contracts/module-3/deliverables/packages/hardhat/contracts/AlchemyTokens.sol,GVR,1452,1467,43,43,block.timestamp,block.number,stillborn,1479
mdba73283,/Users/sdicola/WebstormProjects/metana/metana-bootcamp/contracts/module-3/deliverables/packages/hardhat/contracts/AlchemyTokens.sol,GVR,1452,1467,43,43,block.timestamp,block.difficulty,stillborn,1503
mfaa944c4,/Users/sdicola/WebstormProjects/metana/metana-bootcamp/contracts/module-3/deliverables/packages/hardhat/contracts/AlchemyTokens.sol,GVR,1452,1467,43,43,block.timestamp,block.gaslimit,stillborn,1464
m3fee8c2c,/Users/sdicola/WebstormProjects/metana/metana-bootcamp/contracts/module-3/deliverables/packages/hardhat/contracts/AlchemyTokens.sol,GVR,1452,1467,43,43,block.timestamp,tx.gasprice,stillborn,1568
m9fdb5eb8,/Users/sdicola/WebstormProjects/metana/metana-bootcamp/contracts/module-3/deliverables/packages/hardhat/contracts/AlchemyTokens.sol,GVR,1452,1467,43,43,block.timestamp,gasleft(),stillborn,1362
mfddfb5e0,/Users/sdicola/WebstormProjects/metana/metana-bootcamp/contracts/module-3/deliverables/packages/hardhat/contracts/AlchemyTokens.sol,GVR,1452,1467,43,43,block.timestamp,msg.value,stillborn,1374
m4a948874,/Users/sdicola/WebstormProjects/metana/metana-bootcamp/contracts/module-3/deliverables/packages/hardhat/contracts/AlchemyTokens.sol,GVR,2222,2237,72,72,block.timestamp,block.number,stillborn,1404
mdc24699e,/Users/sdicola/WebstormProjects/metana/metana-bootcamp/contracts/module-3/deliverables/packages/hardhat/contracts/AlchemyTokens.sol,GVR,2222,2237,72,72,block.timestamp,block.difficulty,stillborn,1331
m2aa856eb,/Users/sdicola/WebstormProjects/metana/metana-bootcamp/contracts/module-3/deliverables/packages/hardhat/contracts/AlchemyTokens.sol,GVR,2222,2237,72,72,block.timestamp,block.gaslimit,stillborn,1617
m9665b432,/Users/sdicola/WebstormProjects/metana/metana-bootcamp/contracts/module-3/deliverables/packages/hardhat/contracts/AlchemyTokens.sol,GVR,2222,2237,72,72,block.timestamp,tx.gasprice,stillborn,1608
mbc3310d0,/Users/sdicola/WebstormProjects/metana/metana-bootcamp/contracts/module-3/deliverables/packages/hardhat/contracts/AlchemyTokens.sol,GVR,2222,2237,72,72,block.timestamp,gasleft(),stillborn,1665
m83ef17b7,/Users/sdicola/WebstormProjects/metana/metana-bootcamp/contracts/module-3/deliverables/packages/hardhat/contracts/AlchemyTokens.sol,GVR,2222,2237,72,72,block.timestamp,msg.value,stillborn,1792
mb4d790d1,/Users/sdicola/WebstormProjects/metana/metana-bootcamp/contracts/module-3/deliverables/packages/hardhat/contracts/AlchemyTokens.sol,ILR,533,534,15,15,5,4,stillborn,1687
medfc2eb3,/Users/sdicola/WebstormProjects/metana/metana-bootcamp/contracts/module-3/deliverables/packages/hardhat/contracts/AlchemyTokens.sol,ILR,533,534,15,15,5,6,stillborn,1586
mfbf643d9,/Users/sdicola/WebstormProjects/metana/metana-bootcamp/contracts/module-3/deliverables/packages/hardhat/contracts/AlchemyTokens.sol,ILR,1440,1449,43,43,1 minutes,0 minutes,stillborn,1492
m71fd29ec,/Users/sdicola/WebstormProjects/metana/metana-bootcamp/contracts/module-3/deliverables/packages/hardhat/contracts/AlchemyTokens.sol,ILR,1440,1449,43,43,1 minutes,2 minutes,stillborn,1536
m7fbb842d,/Users/sdicola/WebstormProjects/metana/metana-bootcamp/contracts/module-3/deliverables/packages/hardhat/contracts/AlchemyTokens.sol,ILR,2564,2565,88,88,3,2,stillborn,1594
m25a593f9,/Users/sdicola/WebstormProjects/metana/metana-bootcamp/contracts/module-3/deliverables/packages/hardhat/contracts/AlchemyTokens.sol,ILR,2564,2565,88,88,3,4,stillborn,1750
m946f3205,/Users/sdicola/WebstormProjects/metana/metana-bootcamp/contracts/module-3/deliverables/packages/hardhat/contracts/AlchemyTokens.sol,ILR,2625,2626,89,89,0,1,stillborn,1657
m0e825715,/Users/sdicola/WebstormProjects/metana/metana-bootcamp/contracts/module-3/deliverables/packages/hardhat/contracts/AlchemyTokens.sol,ILR,2766,2767,93,93,2,1,stillborn,1499
mc4d2b58e,/Users/sdicola/WebstormProjects/metana/metana-bootcamp/contracts/module-3/deliverables/packages/hardhat/contracts/AlchemyTokens.sol,ILR,2766,2767,93,93,2,3,stillborn,1552
m7195e838,/Users/sdicola/WebstormProjects/metana/metana-bootcamp/contracts/module-3/deliverables/packages/hardhat/contracts/AlchemyTokens.sol,ILR,2921,2922,96,96,2,1,stillborn,1536
mfc79a708,/Users/sdicola/WebstormProjects/metana/metana-bootcamp/contracts/module-3/deliverables/packages/hardhat/contracts/AlchemyTokens.sol,ILR,2921,2922,96,96,2,3,stillborn,1460
m02e83b68,/Users/sdicola/WebstormProjects/metana/metana-bootcamp/contracts/module-3/deliverables/packages/hardhat/contracts/AlchemyTokens.sol,ILR,3073,3074,99,99,2,1,stillborn,1432
m3bddd6a8,/Users/sdicola/WebstormProjects/metana/metana-bootcamp/contracts/module-3/deliverables/packages/hardhat/contracts/AlchemyTokens.sol,ILR,3073,3074,99,99,2,3,stillborn,1455
m9d4f3a79,/Users/sdicola/WebstormProjects/metana/metana-bootcamp/contracts/module-3/deliverables/packages/hardhat/contracts/AlchemyTokens.sol,ILR,3225,3226,102,102,3,2,stillborn,1469
m47564bfb,/Users/sdicola/WebstormProjects/metana/metana-bootcamp/contracts/module-3/deliverables/packages/hardhat/contracts/AlchemyTokens.sol,ILR,3225,3226,102,102,3,4,stillborn,1582
mafeac323,/Users/sdicola/WebstormProjects/metana/metana-bootcamp/contracts/module-3/deliverables/packages/hardhat/contracts/AlchemyTokens.sol,ILR,3263,3264,106,106,0,1,stillborn,1571
m80b21b9e,/Users/sdicola/WebstormProjects/metana/metana-bootcamp/contracts/module-3/deliverables/packages/hardhat/contracts/AlchemyTokens.sol,LSC,3266,3288,106,106,i < requiredTokenCount,true,stillborn,1527
m22d4018d,/Users/sdicola/WebstormProjects/metana/metana-bootcamp/contracts/module-3/deliverables/packages/hardhat/contracts/AlchemyTokens.sol,LSC,3266,3288,106,106,i < requiredTokenCount,false,stillborn,1643
m6b9d7bbf,/Users/sdicola/WebstormProjects/metana/metana-bootcamp/contracts/module-3/deliverables/packages/hardhat/contracts/AlchemyTokens.sol,MOC,541,587,17,17,"constructor() ERC1155("""") Ownable(msg.sender) ","constructor() Ownable(msg.sender) ERC1155("""") ",stillborn,1581
m749bdfab,/Users/sdicola/WebstormProjects/metana/metana-bootcamp/contracts/module-3/deliverables/packages/hardhat/contracts/AlchemyTokens.sol,MOD,541,587,17,17,"constructor() ERC1155("""") Ownable(msg.sender) ","constructor()  Ownable(msg.sender) ",stillborn,1501
mdcb61f10,/Users/sdicola/WebstormProjects/metana/metana-bootcamp/contracts/module-3/deliverables/packages/hardhat/contracts/AlchemyTokens.sol,MOD,541,587,17,17,"constructor() ERC1155("""") Ownable(msg.sender) ","constructor() ERC1155("""")  ",stillborn,1567
m8c32025f,/Users/sdicola/WebstormProjects/metana/metana-bootcamp/contracts/module-3/deliverables/packages/hardhat/contracts/AlchemyTokens.sol,MOD,1990,2107,65,69,"function _mintToken(        address account,        Token token,        uint256 amount    ) private withCoolDown ","function _mintToken(        address account,        Token token,        uint256 amount    ) private  ",stillborn,1572
m34644303,/Users/sdicola/WebstormProjects/metana/metana-bootcamp/contracts/module-3/deliverables/packages/hardhat/contracts/AlchemyTokens.sol,MOD,2250,2369,75,79,"function mintBasicToken(        address account,        Token token,        uint256 amount    ) external onlyOwner ","function mintBasicToken(        address account,        Token token,        uint256 amount    ) external  ",stillborn,1537
m11dbd399,/Users/sdicola/WebstormProjects/metana/metana-bootcamp/contracts/module-3/deliverables/packages/hardhat/contracts/AlchemyTokens.sol,MOD,2426,2548,83,87,"function mintCompoundToken(        address account,        Token token,        uint256 amount    ) external onlyOwner ","function mintCompoundToken(        address account,        Token token,        uint256 amount    ) external  ",stillborn,1655
m69c472b1,/Users/sdicola/WebstormProjects/metana/metana-bootcamp/contracts/module-3/deliverables/packages/hardhat/contracts/AlchemyTokens.sol,MOI,3575,3644,116,116,"function burn(address account, Token token, uint256 amount) external ","function burn(address account, Token token, uint256 amount) external withCoolDown ",stillborn,1641
m5b73e2d0,/Users/sdicola/WebstormProjects/metana/metana-bootcamp/contracts/module-3/deliverables/packages/hardhat/contracts/AlchemyTokens.sol,MOI,3575,3644,116,116,"function burn(address account, Token token, uint256 amount) external ","function burn(address account, Token token, uint256 amount) external onlyOwner ",stillborn,1442
m5349d1e2,/Users/sdicola/WebstormProjects/metana/metana-bootcamp/contracts/module-3/deliverables/packages/hardhat/contracts/AlchemyTokens.sol,MOR,2094,2106,65,69,withCoolDown,onlyOwner,stillborn,1487
mdc701fa1,/Users/sdicola/WebstormProjects/metana/metana-bootcamp/contracts/module-3/deliverables/packages/hardhat/contracts/AlchemyTokens.sol,MOR,2359,2368,75,79,onlyOwner,withCoolDown,stillborn,1451
m3972430f,/Users/sdicola/WebstormProjects/metana/metana-bootcamp/contracts/module-3/deliverables/packages/hardhat/contracts/AlchemyTokens.sol,MOR,2538,2547,83,87,onlyOwner,withCoolDown,stillborn,1393
mea49f72e,/Users/sdicola/WebstormProjects/metana/metana-bootcamp/contracts/module-3/deliverables/packages/hardhat/contracts/AlchemyTokens.sol,RSD,1801,1978,55,62,"return            string(            abi.encodePacked(                _baseUris[tokenType],                index.toString(),                "".json""            )        );","/* return            string(            abi.encodePacked(                _baseUris[tokenType],                index.toString(),                "".json""            )        ); */",stillborn,1405
m3a31d1bd,/Users/sdicola/WebstormProjects/metana/metana-bootcamp/contracts/module-3/deliverables/packages/hardhat/contracts/AlchemyTokens.sol,RSD,3906,3934,125,125,return _tokensMinted[token];,/* return _tokensMinted[token]; */,stillborn,1349
m9e82ac4b,/Users/sdicola/WebstormProjects/metana/metana-bootcamp/contracts/module-3/deliverables/packages/hardhat/contracts/AlchemyTokens.sol,SLR,639,695,20,20,"""ipfs://QmZ3ae8RvL91RiVxy6MHC7Zw33cNMUZh9jgHanRppN17ci/""","""""",stillborn,1428
m32abe301,/Users/sdicola/WebstormProjects/metana/metana-bootcamp/contracts/module-3/deliverables/packages/hardhat/contracts/AlchemyTokens.sol,SLR,749,805,23,23,"""ipfs://QmdKf3UN7jXusfEMooAtpCSkc6zCMWoiWP4VAPCLiSs2xi/""","""""",stillborn,1416
me05bdc6c,/Users/sdicola/WebstormProjects/metana/metana-bootcamp/contracts/module-3/deliverables/packages/hardhat/contracts/AlchemyTokens.sol,SLR,859,915,26,26,"""ipfs://QmeV6oHETPxNeKqE72FzyH6kXE5CJeBZ42DcJD41ZPqGBG/""","""""",stillborn,1329
m66717e76,/Users/sdicola/WebstormProjects/metana/metana-bootcamp/contracts/module-3/deliverables/packages/hardhat/contracts/AlchemyTokens.sol,SLR,967,1023,29,29,"""ipfs://Qmexv2iLWKCQyojxc3Skgtnd5APVXGcxPjFwUw7nvJqFv3/""","""""",stillborn,1402
mcf7e0c12,/Users/sdicola/WebstormProjects/metana/metana-bootcamp/contracts/module-3/deliverables/packages/hardhat/contracts/AlchemyTokens.sol,SLR,1079,1135,32,32,"""ipfs://QmXSiofayCY1PT78hMxbAXYfYAUR5jvZNBQ6SM3f8CKgyB/""","""""",stillborn,1498
m1261f01f,/Users/sdicola/WebstormProjects/metana/metana-bootcamp/contracts/module-3/deliverables/packages/hardhat/contracts/AlchemyTokens.sol,SLR,1192,1248,35,35,"""ipfs://QmWwM69EMLqe9hHCUcSiJEJxeLYD7F7vDPd6cnh83Cs2Km/""","""""",stillborn,1629
m3b6ae001,/Users/sdicola/WebstormProjects/metana/metana-bootcamp/contracts/module-3/deliverables/packages/hardhat/contracts/AlchemyTokens.sol,SLR,1303,1359,38,38,"""ipfs://QmbAjYaQGcSbi6682PDchj5cyiGWzXHkihJPKawpyu17Uv/""","""""",stillborn,1505
m3f7baf5d,/Users/sdicola/WebstormProjects/metana/metana-bootcamp/contracts/module-3/deliverables/packages/hardhat/contracts/AlchemyTokens.sol,SLR,1946,1953,60,60,""".json""","""""",stillborn,1441
m82fe0b44,/Users/sdicola/WebstormProjects/metana/metana-bootcamp/contracts/module-3/deliverables/packages/hardhat/contracts/AlchemyTokens.sol,TOR,575,585,17,17,msg.sender,tx.origin,stillborn,1408
m0ec9a38f,/Users/sdicola/WebstormProjects/metana/metana-bootcamp/contracts/module-3/deliverables/packages/hardhat/contracts/AlchemyTokens.sol,UORD,3291,3293,106,106,++,--,stillborn,1391
mf3e6e78b,/Users/sdicola/WebstormProjects/metana/metana-bootcamp/contracts/module-3/deliverables/packages/hardhat/contracts/AlchemyTokens.sol,UORD,3291,3293,106,106,++," ",stillborn,1415
m0acb1d63,/Users/sdicola/WebstormProjects/metana/metana-bootcamp/contracts/module-3/deliverables/packages/hardhat/contracts/AlchemyTokens.sol,VUR,1440,1449,43,43,1 minutes,1 seconds,stillborn,1318
md379f6bb,/Users/sdicola/WebstormProjects/metana/metana-bootcamp/contracts/module-3/deliverables/packages/hardhat/contracts/AlchemyTokens.sol,VUR,1440,1449,43,43,1 minutes,1 hours,stillborn,1378
m592a916f,/Users/sdicola/WebstormProjects/metana/metana-bootcamp/contracts/module-3/deliverables/packages/hardhat/contracts/AlchemyTokens.sol,VUR,1440,1449,43,43,1 minutes,1 days,stillborn,1372
m2eb07b4a,/Users/sdicola/WebstormProjects/metana/metana-bootcamp/contracts/module-3/deliverables/packages/hardhat/contracts/AlchemyTokens.sol,VUR,1440,1449,43,43,1 minutes,1 weeks,stillborn,1473
m6e27daf6,/Users/sdicola/WebstormProjects/metana/metana-bootcamp/contracts/module-3/deliverables/packages/hardhat/contracts/AlchemyTokens.sol,VVR,356,381,12,12,uint256 public lastMinted,uint256 internal lastMinted,stillborn,1636
m51468865,/Users/sdicola/WebstormProjects/metana/metana-bootcamp/contracts/module-3/deliverables/packages/hardhat/contracts/AlchemyTokens.sol,VVR,356,381,12,12,uint256 public lastMinted,uint256 private lastMinted,stillborn,1619
m594e2ea7,/Users/sdicola/WebstormProjects/metana/metana-bootcamp/contracts/module-3/deliverables/packages/hardhat/contracts/AlchemyTokens.sol,VVR,488,534,15,15,uint8 private constant MAX_TOKENS_PER_TYPE = 5,uint8 public constant MAX_TOKENS_PER_TYPE = 5,stillborn,1416
m268de8c4,/Users/sdicola/WebstormProjects/metana/metana-bootcamp/contracts/module-3/deliverables/packages/hardhat/contracts/AlchemyTokens.sol,VVR,488,534,15,15,uint8 private constant MAX_TOKENS_PER_TYPE = 5,uint8 internal constant MAX_TOKENS_PER_TYPE = 5,stillborn,1455
ma755a33a,/Users/sdicola/WebstormProjects/metana/metana-bootcamp/contracts/module-3/deliverables/packages/hardhat/contracts/Forgery.sol,BOR,439,442,17,17," < "," <= ",stillborn,1445
m910e0650,/Users/sdicola/WebstormProjects/metana/metana-bootcamp/contracts/module-3/deliverables/packages/hardhat/contracts/Forgery.sol,BOR,439,442,17,17," < "," >=  ",stillborn,1449
m95dfaba9,/Users/sdicola/WebstormProjects/metana/metana-bootcamp/contracts/module-3/deliverables/packages/hardhat/contracts/Forgery.sol,BOR,439,442,17,17," < "," > ",stillborn,1409
m58780843,/Users/sdicola/WebstormProjects/metana/metana-bootcamp/contracts/module-3/deliverables/packages/hardhat/contracts/Forgery.sol,BOR,439,442,17,17," < "," != ",stillborn,1423
ma42c4073,/Users/sdicola/WebstormProjects/metana/metana-bootcamp/contracts/module-3/deliverables/packages/hardhat/contracts/Forgery.sol,BOR,439,442,17,17," < "," == ",stillborn,1513
me2661de3,/Users/sdicola/WebstormProjects/metana/metana-bootcamp/contracts/module-3/deliverables/packages/hardhat/contracts/Forgery.sol,BOR,661,665,29,29," <= ","  < ",stillborn,1519
ma0df3174,/Users/sdicola/WebstormProjects/metana/metana-bootcamp/contracts/module-3/deliverables/packages/hardhat/contracts/Forgery.sol,BOR,661,665,29,29," <= ","  > ",stillborn,1595
mdbfa4545,/Users/sdicola/WebstormProjects/metana/metana-bootcamp/contracts/module-3/deliverables/packages/hardhat/contracts/Forgery.sol,BOR,661,665,29,29," <= "," >= ",stillborn,1480
m4caa8ac9,/Users/sdicola/WebstormProjects/metana/metana-bootcamp/contracts/module-3/deliverables/packages/hardhat/contracts/Forgery.sol,BOR,661,665,29,29," <= "," != ",stillborn,1380
m436f0f4a,/Users/sdicola/WebstormProjects/metana/metana-bootcamp/contracts/module-3/deliverables/packages/hardhat/contracts/Forgery.sol,BOR,661,665,29,29," <= "," == ",stillborn,1331
mf5dd16a0,/Users/sdicola/WebstormProjects/metana/metana-bootcamp/contracts/module-3/deliverables/packages/hardhat/contracts/Forgery.sol,BOR,946,954,40,41," &&				"," ||				",stillborn,1366
mc255ff0e,/Users/sdicola/WebstormProjects/metana/metana-bootcamp/contracts/module-3/deliverables/packages/hardhat/contracts/Forgery.sol,BOR,916,919,40,40," > "," >=  ",stillborn,1403
maf9402e3,/Users/sdicola/WebstormProjects/metana/metana-bootcamp/contracts/module-3/deliverables/packages/hardhat/contracts/Forgery.sol,BOR,916,919,40,40," > "," <=  ",stillborn,1318
mc562beea,/Users/sdicola/WebstormProjects/metana/metana-bootcamp/contracts/module-3/deliverables/packages/hardhat/contracts/Forgery.sol,BOR,916,919,40,40," > "," < ",stillborn,1412
mdcd95b0f,/Users/sdicola/WebstormProjects/metana/metana-bootcamp/contracts/module-3/deliverables/packages/hardhat/contracts/Forgery.sol,BOR,916,919,40,40," > "," != ",stillborn,1323
m8e50314b,/Users/sdicola/WebstormProjects/metana/metana-bootcamp/contracts/module-3/deliverables/packages/hardhat/contracts/Forgery.sol,BOR,916,919,40,40," > "," == ",stillborn,1426
m19a76435,/Users/sdicola/WebstormProjects/metana/metana-bootcamp/contracts/module-3/deliverables/packages/hardhat/contracts/Forgery.sol,BOR,959,963,41,41," <= ","  < ",stillborn,1519
m11c25c43,/Users/sdicola/WebstormProjects/metana/metana-bootcamp/contracts/module-3/deliverables/packages/hardhat/contracts/Forgery.sol,BOR,959,963,41,41," <= ","  > ",stillborn,1534
m014d6c5d,/Users/sdicola/WebstormProjects/metana/metana-bootcamp/contracts/module-3/deliverables/packages/hardhat/contracts/Forgery.sol,BOR,959,963,41,41," <= "," >= ",stillborn,1535
m8d280a6e,/Users/sdicola/WebstormProjects/metana/metana-bootcamp/contracts/module-3/deliverables/packages/hardhat/contracts/Forgery.sol,BOR,959,963,41,41," <= "," != ",stillborn,1533
m8041c9d4,/Users/sdicola/WebstormProjects/metana/metana-bootcamp/contracts/module-3/deliverables/packages/hardhat/contracts/Forgery.sol,BOR,959,963,41,41," <= "," == ",stillborn,1378
me4c7ce8b,/Users/sdicola/WebstormProjects/metana/metana-bootcamp/contracts/module-3/deliverables/packages/hardhat/contracts/Forgery.sol,BOR,1212,1216,53,53," <= ","  < ",stillborn,1327
m90c9c6b7,/Users/sdicola/WebstormProjects/metana/metana-bootcamp/contracts/module-3/deliverables/packages/hardhat/contracts/Forgery.sol,BOR,1212,1216,53,53," <= ","  > ",stillborn,1359
m90feddea,/Users/sdicola/WebstormProjects/metana/metana-bootcamp/contracts/module-3/deliverables/packages/hardhat/contracts/Forgery.sol,BOR,1212,1216,53,53," <= "," >= ",stillborn,1355
m435c7c97,/Users/sdicola/WebstormProjects/metana/metana-bootcamp/contracts/module-3/deliverables/packages/hardhat/contracts/Forgery.sol,BOR,1212,1216,53,53," <= "," != ",stillborn,1314
m7b49d4bd,/Users/sdicola/WebstormProjects/metana/metana-bootcamp/contracts/module-3/deliverables/packages/hardhat/contracts/Forgery.sol,BOR,1212,1216,53,53," <= "," == ",stillborn,1322
m2d2cdf83,/Users/sdicola/WebstormProjects/metana/metana-bootcamp/contracts/module-3/deliverables/packages/hardhat/contracts/Forgery.sol,BOR,1361,1365,57,57," >= ","  > ",stillborn,1100
m1b78d999,/Users/sdicola/WebstormProjects/metana/metana-bootcamp/contracts/module-3/deliverables/packages/hardhat/contracts/Forgery.sol,BOR,1361,1365,57,57," >= ","  < ",stillborn,1455
mbbba7b07,/Users/sdicola/WebstormProjects/metana/metana-bootcamp/contracts/module-3/deliverables/packages/hardhat/contracts/Forgery.sol,BOR,1361,1365,57,57," >= "," <= ",stillborn,1116
mfeffb925,/Users/sdicola/WebstormProjects/metana/metana-bootcamp/contracts/module-3/deliverables/packages/hardhat/contracts/Forgery.sol,BOR,1361,1365,57,57," >= "," != ",stillborn,1027
m0c99eb99,/Users/sdicola/WebstormProjects/metana/metana-bootcamp/contracts/module-3/deliverables/packages/hardhat/contracts/Forgery.sol,BOR,1361,1365,57,57," >= "," == ",stillborn,1067
m07c17378,/Users/sdicola/WebstormProjects/metana/metana-bootcamp/contracts/module-3/deliverables/packages/hardhat/contracts/Forgery.sol,BOR,1954,1957,79,79," < "," <= ",stillborn,1056
m305ee5fe,/Users/sdicola/WebstormProjects/metana/metana-bootcamp/contracts/module-3/deliverables/packages/hardhat/contracts/Forgery.sol,BOR,1954,1957,79,79," < "," >=  ",stillborn,1050
ma2ca9205,/Users/sdicola/WebstormProjects/metana/metana-bootcamp/contracts/module-3/deliverables/packages/hardhat/contracts/Forgery.sol,BOR,1954,1957,79,79," < "," > ",stillborn,1114
m41d363a9,/Users/sdicola/WebstormProjects/metana/metana-bootcamp/contracts/module-3/deliverables/packages/hardhat/contracts/Forgery.sol,BOR,1954,1957,79,79," < "," != ",stillborn,1056
mbf589310,/Users/sdicola/WebstormProjects/metana/metana-bootcamp/contracts/module-3/deliverables/packages/hardhat/contracts/Forgery.sol,BOR,1954,1957,79,79," < "," == ",stillborn,1053
m88ff7ceb,/Users/sdicola/WebstormProjects/metana/metana-bootcamp/contracts/module-3/deliverables/packages/hardhat/contracts/Forgery.sol,BOR,1942,1945,79,79," + "," - ",stillborn,1059
m4f190992,/Users/sdicola/WebstormProjects/metana/metana-bootcamp/contracts/module-3/deliverables/packages/hardhat/contracts/Forgery.sol,BOR,1942,1945,79,79," + "," * ",stillborn,1027
m9d40a1bf,/Users/sdicola/WebstormProjects/metana/metana-bootcamp/contracts/module-3/deliverables/packages/hardhat/contracts/Forgery.sol,BOR,1942,1945,79,79," + "," / ",stillborn,1035
m30f2769b,/Users/sdicola/WebstormProjects/metana/metana-bootcamp/contracts/module-3/deliverables/packages/hardhat/contracts/Forgery.sol,BOR,1942,1945,79,79," + "," ** ",stillborn,1104
mbe54c8b1,/Users/sdicola/WebstormProjects/metana/metana-bootcamp/contracts/module-3/deliverables/packages/hardhat/contracts/Forgery.sol,BOR,1942,1945,79,79," + "," % ",stillborn,1333
mfbc3b614,/Users/sdicola/WebstormProjects/metana/metana-bootcamp/contracts/module-3/deliverables/packages/hardhat/contracts/Forgery.sol,CCD,189,246,10,12,constructor() {		alchemyTokens = new AlchemyTokens();	},,stillborn,1511
meb4a0ed9,/Users/sdicola/WebstormProjects/metana/metana-bootcamp/contracts/module-3/deliverables/packages/hardhat/contracts/Forgery.sol,DLR,307,323,14,14,uint256[] memory,uint256[] storage,stillborn,1536
m9a7c8fab,/Users/sdicola/WebstormProjects/metana/metana-bootcamp/contracts/module-3/deliverables/packages/hardhat/contracts/Forgery.sol,DLR,329,355,15,15,address[] memory addresses,address[] storage addresses,stillborn,1552
m0bdcd4fe,/Users/sdicola/WebstormProjects/metana/metana-bootcamp/contracts/module-3/deliverables/packages/hardhat/contracts/Forgery.sol,DLR,378,398,16,16,uint256[] memory ids,uint256[] storage ids,stillborn,1405
mbc80ae9b,/Users/sdicola/WebstormProjects/metana/metana-bootcamp/contracts/module-3/deliverables/packages/hardhat/contracts/Forgery.sol,DLR,1623,1636,68,68,string memory,string storage,stillborn,1368
m178e7616,/Users/sdicola/WebstormProjects/metana/metana-bootcamp/contracts/module-3/deliverables/packages/hardhat/contracts/Forgery.sol,ECS,1347,1360,57,57,uint256(from),uint8(from),stillborn,1303
m3314a070,/Users/sdicola/WebstormProjects/metana/metana-bootcamp/contracts/module-3/deliverables/packages/hardhat/contracts/Forgery.sol,EHC,644,742,28,31,"require(			token <= IAlchemyTokens.Token.SILVER,			""Can only forge IRON, COPPER, or SILVER""		);","/* require(			token <= IAlchemyTokens.Token.SILVER,			""Can only forge IRON, COPPER, or SILVER""		); */",stillborn,1341
m2ed21c07,/Users/sdicola/WebstormProjects/metana/metana-bootcamp/contracts/module-3/deliverables/packages/hardhat/contracts/Forgery.sol,EHC,899,1025,39,43,"require(			token > IAlchemyTokens.Token.SILVER &&				token <= IAlchemyTokens.Token.RHODIUM,			""Invalid compound token""		);","/* require(			token > IAlchemyTokens.Token.SILVER &&				token <= IAlchemyTokens.Token.RHODIUM,			""Invalid compound token""		); */",stillborn,1298
m210ad727,/Users/sdicola/WebstormProjects/metana/metana-bootcamp/contracts/module-3/deliverables/packages/hardhat/contracts/Forgery.sol,EHC,1198,1296,52,55,"require(			to <= IAlchemyTokens.Token.SILVER,			""Can only trade to IRON, COPPER, or SILVER""		);","/* require(			to <= IAlchemyTokens.Token.SILVER,			""Can only trade to IRON, COPPER, or SILVER""		); */",stillborn,1383
ma6a8f848,/Users/sdicola/WebstormProjects/metana/metana-bootcamp/contracts/module-3/deliverables/packages/hardhat/contracts/Forgery.sol,EHC,1299,1412,56,59,"require(			alchemyTokens.balanceOf(msg.sender, uint256(from)) >= amount,			""Insufficient balance to trade""		);","/* require(			alchemyTokens.balanceOf(msg.sender, uint256(from)) >= amount,			""Insufficient balance to trade""		); */",stillborn,1360
m2155b353,/Users/sdicola/WebstormProjects/metana/metana-bootcamp/contracts/module-3/deliverables/packages/hardhat/contracts/Forgery.sol,FVR,249,325,14,14,"function getBalances(address addr) external view returns (uint256[] memory) ","function getBalances(address addr) public view returns (uint256[] memory) ",stillborn,1459
m2b2ac775,/Users/sdicola/WebstormProjects/metana/metana-bootcamp/contracts/module-3/deliverables/packages/hardhat/contracts/Forgery.sol,FVR,249,325,14,14,"function getBalances(address addr) external view returns (uint256[] memory) ","function getBalances(address addr) internal view returns (uint256[] memory) ",stillborn,1527
mf7ba248a,/Users/sdicola/WebstormProjects/metana/metana-bootcamp/contracts/module-3/deliverables/packages/hardhat/contracts/Forgery.sol,FVR,249,325,14,14,"function getBalances(address addr) external view returns (uint256[] memory) ","function getBalances(address addr) private view returns (uint256[] memory) ",stillborn,1514
ma63f9e6e,/Users/sdicola/WebstormProjects/metana/metana-bootcamp/contracts/module-3/deliverables/packages/hardhat/contracts/Forgery.sol,FVR,555,640,24,27,"function forgeBasicToken(		IAlchemyTokens.Token token,		uint256 amount	) external ","function forgeBasicToken(		IAlchemyTokens.Token token,		uint256 amount	) public ",stillborn,1401
mef28dbea,/Users/sdicola/WebstormProjects/metana/metana-bootcamp/contracts/module-3/deliverables/packages/hardhat/contracts/Forgery.sol,FVR,555,640,24,27,"function forgeBasicToken(		IAlchemyTokens.Token token,		uint256 amount	) external ","function forgeBasicToken(		IAlchemyTokens.Token token,		uint256 amount	) internal ",stillborn,1071
m1add16e6,/Users/sdicola/WebstormProjects/metana/metana-bootcamp/contracts/module-3/deliverables/packages/hardhat/contracts/Forgery.sol,FVR,555,640,24,27,"function forgeBasicToken(		IAlchemyTokens.Token token,		uint256 amount	) external ","function forgeBasicToken(		IAlchemyTokens.Token token,		uint256 amount	) private ",stillborn,1079
m034b433e,/Users/sdicola/WebstormProjects/metana/metana-bootcamp/contracts/module-3/deliverables/packages/hardhat/contracts/Forgery.sol,FVR,807,895,35,38,"function forgeCompoundToken(		IAlchemyTokens.Token token,		uint256 amount	) external ","function forgeCompoundToken(		IAlchemyTokens.Token token,		uint256 amount	) public ",stillborn,1055
m0fc8a23e,/Users/sdicola/WebstormProjects/metana/metana-bootcamp/contracts/module-3/deliverables/packages/hardhat/contracts/Forgery.sol,FVR,807,895,35,38,"function forgeCompoundToken(		IAlchemyTokens.Token token,		uint256 amount	) external ","function forgeCompoundToken(		IAlchemyTokens.Token token,		uint256 amount	) internal ",stillborn,1186
md504fdf8,/Users/sdicola/WebstormProjects/metana/metana-bootcamp/contracts/module-3/deliverables/packages/hardhat/contracts/Forgery.sol,FVR,807,895,35,38,"function forgeCompoundToken(		IAlchemyTokens.Token token,		uint256 amount	) external ","function forgeCompoundToken(		IAlchemyTokens.Token token,		uint256 amount	) private ",stillborn,1161
mf6d41351,/Users/sdicola/WebstormProjects/metana/metana-bootcamp/contracts/module-3/deliverables/packages/hardhat/contracts/Forgery.sol,FVR,1093,1194,47,51,"function trade(		IAlchemyTokens.Token from,		IAlchemyTokens.Token to,		uint256 amount	) external ","function trade(		IAlchemyTokens.Token from,		IAlchemyTokens.Token to,		uint256 amount	) public ",stillborn,1131
mfdbac046,/Users/sdicola/WebstormProjects/metana/metana-bootcamp/contracts/module-3/deliverables/packages/hardhat/contracts/Forgery.sol,FVR,1093,1194,47,51,"function trade(		IAlchemyTokens.Token from,		IAlchemyTokens.Token to,		uint256 amount	) external ","function trade(		IAlchemyTokens.Token from,		IAlchemyTokens.Token to,		uint256 amount	) internal ",stillborn,1181
m57275d0a,/Users/sdicola/WebstormProjects/metana/metana-bootcamp/contracts/module-3/deliverables/packages/hardhat/contracts/Forgery.sol,FVR,1093,1194,47,51,"function trade(		IAlchemyTokens.Token from,		IAlchemyTokens.Token to,		uint256 amount	) external ","function trade(		IAlchemyTokens.Token from,		IAlchemyTokens.Token to,		uint256 amount	) private ",stillborn,1077
md7b3a0d6,/Users/sdicola/WebstormProjects/metana/metana-bootcamp/contracts/module-3/deliverables/packages/hardhat/contracts/Forgery.sol,FVR,1523,1638,65,68,"function getTokenURI(		IAlchemyTokens.Token tokenType,		uint256 tokenId	) external view returns (string memory) ","function getTokenURI(		IAlchemyTokens.Token tokenType,		uint256 tokenId	) public view returns (string memory) ",stillborn,1448
m35616bab,/Users/sdicola/WebstormProjects/metana/metana-bootcamp/contracts/module-3/deliverables/packages/hardhat/contracts/Forgery.sol,FVR,1523,1638,65,68,"function getTokenURI(		IAlchemyTokens.Token tokenType,		uint256 tokenId	) external view returns (string memory) ","function getTokenURI(		IAlchemyTokens.Token tokenType,		uint256 tokenId	) internal view returns (string memory) ",stillborn,1327
m99d6cdce,/Users/sdicola/WebstormProjects/metana/metana-bootcamp/contracts/module-3/deliverables/packages/hardhat/contracts/Forgery.sol,FVR,1523,1638,65,68,"function getTokenURI(		IAlchemyTokens.Token tokenType,		uint256 tokenId	) external view returns (string memory) ","function getTokenURI(		IAlchemyTokens.Token tokenType,		uint256 tokenId	) private view returns (string memory) ",stillborn,1392
mda7a5e6f,/Users/sdicola/WebstormProjects/metana/metana-bootcamp/contracts/module-3/deliverables/packages/hardhat/contracts/Forgery.sol,FVR,1701,1795,72,74,"function getTokensMinted(		IAlchemyTokens.Token tokenType	) external view returns (uint256) ","function getTokensMinted(		IAlchemyTokens.Token tokenType	) public view returns (uint256) ",stillborn,1387
me770085f,/Users/sdicola/WebstormProjects/metana/metana-bootcamp/contracts/module-3/deliverables/packages/hardhat/contracts/Forgery.sol,FVR,1701,1795,72,74,"function getTokensMinted(		IAlchemyTokens.Token tokenType	) external view returns (uint256) ","function getTokensMinted(		IAlchemyTokens.Token tokenType	) internal view returns (uint256) ",stillborn,1355
m83144fd7,/Users/sdicola/WebstormProjects/metana/metana-bootcamp/contracts/module-3/deliverables/packages/hardhat/contracts/Forgery.sol,FVR,1701,1795,72,74,"function getTokensMinted(		IAlchemyTokens.Token tokenType	) external view returns (uint256) ","function getTokensMinted(		IAlchemyTokens.Token tokenType	) private view returns (uint256) ",stillborn,1372
m1f6957be,/Users/sdicola/WebstormProjects/metana/metana-bootcamp/contracts/module-3/deliverables/packages/hardhat/contracts/Forgery.sol,FVR,1853,1905,78,78,"function canForgeNow() external view returns (bool) ","function canForgeNow() public view returns (bool) ",stillborn,1447
m680b4b20,/Users/sdicola/WebstormProjects/metana/metana-bootcamp/contracts/module-3/deliverables/packages/hardhat/contracts/Forgery.sol,FVR,1853,1905,78,78,"function canForgeNow() external view returns (bool) ","function canForgeNow() internal view returns (bool) ",stillborn,1504
meb649781,/Users/sdicola/WebstormProjects/metana/metana-bootcamp/contracts/module-3/deliverables/packages/hardhat/contracts/Forgery.sol,FVR,1853,1905,78,78,"function canForgeNow() external view returns (bool) ","function canForgeNow() private view returns (bool) ",stillborn,1517
mc0c95c91,/Users/sdicola/WebstormProjects/metana/metana-bootcamp/contracts/module-3/deliverables/packages/hardhat/contracts/Forgery.sol,FVR,1979,2040,82,82,"function getLastMintedTime() external view returns (uint256) ","function getLastMintedTime() public view returns (uint256) ",stillborn,1433
m45488671,/Users/sdicola/WebstormProjects/metana/metana-bootcamp/contracts/module-3/deliverables/packages/hardhat/contracts/Forgery.sol,FVR,1979,2040,82,82,"function getLastMintedTime() external view returns (uint256) ","function getLastMintedTime() internal view returns (uint256) ",stillborn,1414
mbce2393b,/Users/sdicola/WebstormProjects/metana/metana-bootcamp/contracts/module-3/deliverables/packages/hardhat/contracts/Forgery.sol,FVR,1979,2040,82,82,"function getLastMintedTime() external view returns (uint256) ","function getLastMintedTime() private view returns (uint256) ",stillborn,1550
mf98fac23,/Users/sdicola/WebstormProjects/metana/metana-bootcamp/contracts/module-3/deliverables/packages/hardhat/contracts/Forgery.sol,GVR,1957,1972,79,79,block.timestamp,block.number,stillborn,1351
m66145054,/Users/sdicola/WebstormProjects/metana/metana-bootcamp/contracts/module-3/deliverables/packages/hardhat/contracts/Forgery.sol,GVR,1957,1972,79,79,block.timestamp,block.difficulty,stillborn,1084
m153902e0,/Users/sdicola/WebstormProjects/metana/metana-bootcamp/contracts/module-3/deliverables/packages/hardhat/contracts/Forgery.sol,GVR,1957,1972,79,79,block.timestamp,block.gaslimit,stillborn,1059
mcd0cdbdc,/Users/sdicola/WebstormProjects/metana/metana-bootcamp/contracts/module-3/deliverables/packages/hardhat/contracts/Forgery.sol,GVR,1957,1972,79,79,block.timestamp,tx.gasprice,stillborn,1089
m2e8ab566,/Users/sdicola/WebstormProjects/metana/metana-bootcamp/contracts/module-3/deliverables/packages/hardhat/contracts/Forgery.sol,GVR,1957,1972,79,79,block.timestamp,gasleft(),stillborn,1084
m4188dd13,/Users/sdicola/WebstormProjects/metana/metana-bootcamp/contracts/module-3/deliverables/packages/hardhat/contracts/Forgery.sol,GVR,1957,1972,79,79,block.timestamp,msg.value,stillborn,1089
m8f81fa62,/Users/sdicola/WebstormProjects/metana/metana-bootcamp/contracts/module-3/deliverables/packages/hardhat/contracts/Forgery.sol,ILR,372,373,15,15,7,6,stillborn,1083
m951b33cc,/Users/sdicola/WebstormProjects/metana/metana-bootcamp/contracts/module-3/deliverables/packages/hardhat/contracts/Forgery.sol,ILR,372,373,15,15,7,8,stillborn,1087
ma2768a30,/Users/sdicola/WebstormProjects/metana/metana-bootcamp/contracts/module-3/deliverables/packages/hardhat/contracts/Forgery.sol,ILR,415,416,16,16,7,6,stillborn,1090
m82011427,/Users/sdicola/WebstormProjects/metana/metana-bootcamp/contracts/module-3/deliverables/packages/hardhat/contracts/Forgery.sol,ILR,415,416,16,16,7,8,stillborn,1057
m46c442e9,/Users/sdicola/WebstormProjects/metana/metana-bootcamp/contracts/module-3/deliverables/packages/hardhat/contracts/Forgery.sol,ILR,435,436,17,17,0,1,stillborn,1059
mb845eee0,/Users/sdicola/WebstormProjects/metana/metana-bootcamp/contracts/module-3/deliverables/packages/hardhat/contracts/Forgery.sol,ILR,442,443,17,17,7,6,stillborn,1098
me561a177,/Users/sdicola/WebstormProjects/metana/metana-bootcamp/contracts/module-3/deliverables/packages/hardhat/contracts/Forgery.sol,ILR,442,443,17,17,7,8,stillborn,1499
m58a74d7f,/Users/sdicola/WebstormProjects/metana/metana-bootcamp/contracts/module-3/deliverables/packages/hardhat/contracts/Forgery.sol,ILR,1945,1954,79,79,1 minutes,0 minutes,stillborn,1383
mc6bbe707,/Users/sdicola/WebstormProjects/metana/metana-bootcamp/contracts/module-3/deliverables/packages/hardhat/contracts/Forgery.sol,ILR,1945,1954,79,79,1 minutes,2 minutes,stillborn,1406
m8b9f3c15,/Users/sdicola/WebstormProjects/metana/metana-bootcamp/contracts/module-3/deliverables/packages/hardhat/contracts/Forgery.sol,LSC,438,443,17,17,i < 7,true,stillborn,1361
m0aa5b45e,/Users/sdicola/WebstormProjects/metana/metana-bootcamp/contracts/module-3/deliverables/packages/hardhat/contracts/Forgery.sol,LSC,438,443,17,17,i < 7,false,stillborn,1432
mc722b7c1,/Users/sdicola/WebstormProjects/metana/metana-bootcamp/contracts/module-3/deliverables/packages/hardhat/contracts/Forgery.sol,RSD,497,549,21,21,"return alchemyTokens.balanceOfBatch(addresses, ids);","/* return alchemyTokens.balanceOfBatch(addresses, ids); */",stillborn,1347
m39c48828,/Users/sdicola/WebstormProjects/metana/metana-bootcamp/contracts/module-3/deliverables/packages/hardhat/contracts/Forgery.sol,RSD,1642,1695,69,69,"return alchemyTokens.getTokenURI(tokenType, tokenId);","/* return alchemyTokens.getTokenURI(tokenType, tokenId); */",stillborn,1136
mddd87a66,/Users/sdicola/WebstormProjects/metana/metana-bootcamp/contracts/module-3/deliverables/packages/hardhat/contracts/Forgery.sol,RSD,1799,1847,75,75,return alchemyTokens.getTokensMinted(tokenType);,/* return alchemyTokens.getTokensMinted(tokenType); */,stillborn,1210
m0a76b030,/Users/sdicola/WebstormProjects/metana/metana-bootcamp/contracts/module-3/deliverables/packages/hardhat/contracts/Forgery.sol,RSD,1909,1973,79,79,return alchemyTokens.lastMinted() + 1 minutes < block.timestamp;,/* return alchemyTokens.lastMinted() + 1 minutes < block.timestamp; */,stillborn,1132
mc2019006,/Users/sdicola/WebstormProjects/metana/metana-bootcamp/contracts/module-3/deliverables/packages/hardhat/contracts/Forgery.sol,RSD,2044,2078,83,83,return alchemyTokens.lastMinted();,/* return alchemyTokens.lastMinted(); */,stillborn,1049
m2cba9e31,/Users/sdicola/WebstormProjects/metana/metana-bootcamp/contracts/module-3/deliverables/packages/hardhat/contracts/Forgery.sol,TOR,774,784,32,32,msg.sender,tx.origin,stillborn,1092
m4aaa7e91,/Users/sdicola/WebstormProjects/metana/metana-bootcamp/contracts/module-3/deliverables/packages/hardhat/contracts/Forgery.sol,TOR,1060,1070,44,44,msg.sender,tx.origin,stillborn,1310
mb43b5151,/Users/sdicola/WebstormProjects/metana/metana-bootcamp/contracts/module-3/deliverables/packages/hardhat/contracts/Forgery.sol,TOR,1335,1345,57,57,msg.sender,tx.origin,stillborn,1506
ma85915f6,/Users/sdicola/WebstormProjects/metana/metana-bootcamp/contracts/module-3/deliverables/packages/hardhat/contracts/Forgery.sol,TOR,1435,1445,61,61,msg.sender,tx.origin,stillborn,1438
m41a6cd60,/Users/sdicola/WebstormProjects/metana/metana-bootcamp/contracts/module-3/deliverables/packages/hardhat/contracts/Forgery.sol,TOR,1493,1503,62,62,msg.sender,tx.origin,stillborn,1466
mae6246dc,/Users/sdicola/WebstormProjects/metana/metana-bootcamp/contracts/module-3/deliverables/packages/hardhat/contracts/Forgery.sol,UORD,446,448,17,17,++,--,stillborn,1408
m6956aeb9,/Users/sdicola/WebstormProjects/metana/metana-bootcamp/contracts/module-3/deliverables/packages/hardhat/contracts/Forgery.sol,UORD,446,448,17,17,++," ",stillborn,1358
mfd62f5ad,/Users/sdicola/WebstormProjects/metana/metana-bootcamp/contracts/module-3/deliverables/packages/hardhat/contracts/Forgery.sol,VUR,1945,1954,79,79,1 minutes,1 seconds,stillborn,1339
mce1f92e1,/Users/sdicola/WebstormProjects/metana/metana-bootcamp/contracts/module-3/deliverables/packages/hardhat/contracts/Forgery.sol,VUR,1945,1954,79,79,1 minutes,1 hours,stillborn,1496
m8b6061b4,/Users/sdicola/WebstormProjects/metana/metana-bootcamp/contracts/module-3/deliverables/packages/hardhat/contracts/Forgery.sol,VUR,1945,1954,79,79,1 minutes,1 days,stillborn,1499
m1b9e66ed,/Users/sdicola/WebstormProjects/metana/metana-bootcamp/contracts/module-3/deliverables/packages/hardhat/contracts/Forgery.sol,VUR,1945,1954,79,79,1 minutes,1 weeks,stillborn,1466
m2ecf856e,/Users/sdicola/WebstormProjects/metana/metana-bootcamp/contracts/module-3/deliverables/packages/hardhat/contracts/Forgery.sol,VVR,113,157,7,7,AlchemyTokens public immutable alchemyTokens,AlchemyTokens internal immutable alchemyTokens,stillborn,1189
m4066a5f3,/Users/sdicola/WebstormProjects/metana/metana-bootcamp/contracts/module-3/deliverables/packages/hardhat/contracts/Forgery.sol,VVR,113,157,7,7,AlchemyTokens public immutable alchemyTokens,AlchemyTokens private immutable alchemyTokens,stillborn,1606
m26b08030,/Users/sdicola/WebstormProjects/metana/metana-bootcamp/contracts/module-3/deliverables/packages/hardhat/contracts/IAlchemyTokens.sol,ER,105,119,6,7,"IRON,		COPPER","COPPER,		IRON",stillborn,1753